g,label,boss,day,play_min,wall_hours,attempts,fails,clear_s,stall_min,hero_level,upg_hp,upg_atk,upg_def,upg_spd,skills_owned,skill_level_sum,skill_pulls,sword,helm,armor,boots,pulls,gold,earned_total,spent_total
1,1-1,0,1,0.39,8.01,1,0,23.37,0.39,1,0,0,0,0,3,3,0,-,-,-,-,0,50,50,0
2,1-2,0,1,0.88,8.01,1,0,27.67,0.46,1,0,2,0,0,3,3,0,-,-,C,-,1,148,1102,954
3,1-3,0,1,1.31,8.02,1,0,23.37,0.39,1,0,2,0,0,3,3,0,-,-,C,-,1,202.08,1156.08,954
4,1-4,0,1,1.8,8.03,1,0,27.67,0.46,1,0,2,0,0,3,3,0,-,-,C,-,1,258.32,1212.32,954
5,1-5,0,1,2.32,8.04,1,0,28.7,0.48,2,0,2,0,0,3,3,0,-,-,C,-,1,316.82,1270.82,954
6,1-6,0,1,2.9,8.05,1,0,32.97,0.55,2,0,2,0,0,3,3,0,-,-,C,-,1,377.65,1331.65,954
7,1-7,0,1,6.15,8.1,2,1,28.7,3.21,3,0,3,0,0,3,3,0,-,-,C,-,1,119.77,1638.25,1518.48
8,1-8,0,1,6.69,8.11,1,0,30.7,0.51,4,0,3,0,0,3,3,0,-,-,C,-,1,185.56,1704.04,1518.48
9,1-9,0,1,8.99,12.52,2,1,30.7,2.26,5,1,3,0,0,3,3,0,-,-,C,-,1,430.36,2248.84,1818.48
10,1-10,1,1,13.86,18.51,3,2,25.9,4.83,6,2,4,0,0,3,3,0,-,-,C,-,1,782.81,3569.51,2786.7
11,2-1,0,1,14.33,18.52,1,0,26.5,0.44,6,2,5,0,0,3,3,0,-,-,C,-,1,148.74,3643.52,3494.78
12,2-2,0,1,17.22,18.57,2,1,29.87,2.85,8,3,5,0,0,3,3,0,-,-,C,-,1,145.44,4016.54,3871.1
13,2-3,0,1,20.97,22.05,2,1,25.47,3.72,9,3,6,0,0,3,3,0,-,-,C,-,1,132.89,4797.04,4664.16
14,2-4,0,1,23.88,22.1,2,1,29.87,2.88,10,4,6,0,0,3,3,0,-,-,C,-,1,114.87,5200.5,5085.63
15,2-5,0,2,30.42,32.01,3,1,25.43,6.51,12,5,7,0,0,3,3,0,-,-,C,-,1,297.12,6743.03,6445.91
16,2-6,0,2,30.93,32.02,1,0,28.6,0.48,12,5,7,0,0,3,3,0,-,-,C,-,1,387.17,6833.08,6445.91
17,2-7,0,2,31.44,32.02,1,0,28.57,0.48,12,5,7,0,0,3,3,0,-,-,C,-,1,480.81,6926.72,6445.91
18,2-8,0,2,39.87,36.53,3,2,26.5,8.39,14,5,8,0,0,3,3,0,R,-,C,C,3,164.63,8605.35,8440.72
19,2-9,0,2,45.75,42.55,3,2,26.5,5.84,15,6,9,0,0,3,3,0,R,-,C,C,3,191.1,10274.7,10083.6
20,2-10,1,2,48.37,46.01,3,1,22.4,2.59,16,7,9,0,0,3,3,0,R,-,C,C,3,962.73,11638.48,10675.75
21,3-1,0,2,49.64,46.03,2,1,26.5,1.23,16,7,10,0,0,3,3,0,R,-,C,C,3,351.11,12274.75,11923.63
22,3-2,0,2,57.4,46.16,3,2,27.53,7.72,18,8,10,0,0,3,3,0,R,-,C,C,3,1335.63,13922.47,12586.84
23,3-3,0,3,64.69,56.08,4,3,21.37,7.26,19,9,12,0,0,3,3,0,R,-,C,C,3,163.85,16456.46,16292.61
24,3-4,0,3,65.17,56.09,1,0,26.5,0.44,19,9,12,0,0,3,3,0,R,-,C,C,3,287.09,16579.7,16292.61
25,3-5,0,3,72.9,60.58,4,2,21.37,7.7,21,10,13,0,0,3,3,0,R,-,C,C,3,227.03,19104.75,18877.72
26,3-6,0,3,73.36,66.51,2,0,21.37,0.42,21,11,13,0,0,3,3,0,R,-,C,C,3,374.94,20184.41,19809.47
27,3-7,0,3,81.86,70.06,3,2,25.47,8.47,22,12,14,0,0,3,3,0,R,-,C,C,3,246.6,23063.21,22816.61
28,3-8,0,4,90.36,80.01,4,2,21.37,8.47,23,12,15,0,0,3,3,0,R,-,C,C,3,1308.93,26324.74,25015.81
29,3-9,0,4,95.89,80.1,2,1,26.5,5.5,24,13,15,0,0,3,3,0,R,-,C,C,3,2020.09,28204.7,26184.6
30,3-10,1,4,101.78,84.56,3,2,22.4,5.85,25,14,16,0,0,3,3,0,R,-,R,C,4,909.27,31366.02,30456.76
31,4-1,0,4,102.17,84.57,1,0,21.43,0.36,25,14,16,0,0,3,3,0,R,-,R,C,4,1071.44,31528.19,30456.76
32,4-2,0,4,108.46,94.01,4,2,27.6,6.26,26,15,17,0,0,3,3,0,R,-,R,C,4,935.2,35616.77,34681.57
33,4-3,0,5,125.63,104.09,5,4,26.37,17.14,28,16,18,0,0,3,3,0,R,-,R,R,5,2905.31,42818.67,39913.36
34,4-4,0,5,131.06,108.55,3,2,26.33,5.39,28,17,19,0,0,3,3,0,R,-,R,R,5,243.77,45456.73,45212.96
35,4-5,0,5,143.11,118.09,5,3,24.4,12.02,30,17,20,0,0,3,3,0,R,R,R,R,11,191.23,52279.93,52088.7
36,4-6,0,5,146.51,118.14,2,1,18.43,3.36,30,17,20,0,0,3,3,0,E,R,R,R,14,216.55,53805.25,53588.7
37,4-7,0,6,150.62,128.01,2,1,18.7,4.07,31,18,20,0,0,3,3,0,E,R,R,R,14,1558.26,57206.78,55648.51
38,4-8,0,6,157.04,128.12,3,2,21.37,6.39,31,18,21,0,0,3,3,0,E,R,R,R,14,303.59,60292.93,59989.35
39,4-9,0,6,165.79,138.55,4,3,20.97,8.72,32,19,22,0,0,3,3,0,E,R,R,R,14,258.31,67416.37,67158.07
40,4-10,1,6,169,142.02,2,1,20.67,3.17,33,20,22,0,0,3,3,0,E,R,R,R,14,1292.11,71034.01,69741.9
41,5-1,0,6,173.78,142.1,2,1,23.47,4.75,33,20,22,0,0,4,6,2,E,R,E,R,24,4481.26,85123.16,80641.9
42,5-2,0,7,180.26,152,4,2,15.3,6.44,34,20,23,0,0,5,7,3,E,R,E,R,24,358.03,91445.07,91087.03
43,5-3,0,7,180.6,152.01,1,0,18.43,0.31,34,20,23,0,0,5,7,3,E,R,E,R,24,617.67,91704.71,91087.03
44,5-4,0,7,180.96,152.02,1,0,19.6,0.33,34,20,23,0,0,5,7,3,E,R,E,R,24,887.7,91974.73,91087.03
45,5-5,0,7,181.33,152.02,1,0,20.6,0.34,34,20,23,0,0,5,7,3,E,R,E,R,24,1168.52,92255.56,91087.03
46,5-6,0,7,193.34,162.51,5,3,20.6,11.98,35,21,24,0,0,5,7,3,E,R,E,R,24,2396.98,102476.46,100079.48
47,5-7,0,7,202.14,166.07,3,2,19.67,8.76,36,22,24,0,0,5,7,3,E,R,E,R,24,5645.08,108965.71,103320.63
