g,label,boss,day,play_min,wall_hours,attempts,fails,clear_s,stall_min,hero_level,upg_hp,upg_atk,upg_def,upg_spd,skill1,skill2,skill3,sword,helm,armor,boots,pulls,gold,earned_total,spent_total
1,1-1,0,1,0.4,8.01,1,0,23.93,0.4,1,0,0,0,0,0,0,0,-,-,-,-,0,100,100,0
2,1-2,0,1,0.88,8.01,1,0,27.07,0.45,2,0,0,0,0,0,0,0,-,-,-,-,0,204,204,0
3,1-3,0,1,1.32,8.02,1,0,24,0.4,3,0,2,0,0,0,0,0,-,-,C,-,1,358.16,1312.16,954
4,1-4,0,1,1.79,8.03,1,0,26.03,0.43,4,0,2,0,0,0,0,0,-,-,C,-,1,470.65,1424.65,954
5,1-5,0,1,2.27,8.04,1,0,27.07,0.45,5,0,2,0,0,0,0,0,-,-,C,-,1,587.63,1541.63,954
6,1-6,0,1,2.74,8.05,1,0,26.07,0.43,5,0,3,0,0,0,0,0,-,-,C,-,1,144.82,1663.3,1518.48
7,1-7,0,1,3.21,8.05,1,0,26.07,0.43,6,0,3,0,0,0,0,0,-,-,C,-,1,271.35,1789.83,1518.48
8,1-8,0,1,3.68,8.06,1,0,26.07,0.43,7,0,3,0,0,0,0,0,-,-,C,-,1,402.94,1921.42,1518.48
9,1-9,0,1,4.25,8.07,1,0,32.23,0.54,8,1,3,0,0,0,0,0,-,-,C,-,1,239.8,2058.28,1818.48
10,1-10,1,1,8.36,12.51,4,2,21.77,4.08,12,2,5,0,0,0,0,0,-,-,C,-,1,842.11,4336.89,3494.78
11,2-1,0,1,8.81,12.51,1,0,25,0.42,13,3,5,0,0,0,0,0,-,-,C,-,1,613.82,4484.92,3871.1
12,2-2,0,1,9.26,12.52,1,0,25,0.42,13,3,5,0,0,0,0,0,-,-,C,-,1,767.76,4638.86,3871.1
13,2-3,0,1,9.8,12.53,1,0,30.1,0.5,14,3,5,0,0,0,0,0,-,-,C,-,1,927.86,4798.97,3871.1
14,2-4,0,1,10.32,12.54,1,0,29.1,0.49,14,3,6,0,0,0,0,0,-,-,C,-,1,301.32,4965.47,4664.16
15,2-5,0,1,11.83,12.56,2,1,30.1,1.47,16,4,6,0,0,0,0,0,-,-,C,-,1,219.51,5305.15,5085.63
16,2-6,0,1,13.9,18.52,2,1,29.1,2.04,18,5,7,0,0,0,0,0,-,-,C,-,1,615.16,7061.07,6445.91
17,2-7,0,1,14.44,18.52,1,0,30.1,0.5,19,5,7,0,0,0,0,0,-,-,C,C,2,302.46,7248.37,6945.91
18,2-8,0,1,17.51,18.58,2,1,27.9,3.04,21,5,8,0,0,0,0,0,-,-,C,C,2,251.63,8192.35,7940.72
19,2-9,0,1,18.43,22.01,2,1,26.03,0.89,22,6,8,0,0,0,0,0,R,-,C,C,3,256.1,9225.51,8969.42
20,2-10,1,1,22.69,22.08,3,2,22.6,4.22,25,7,9,0,0,0,0,0,R,-,C,C,3,1223.84,11899.59,10675.75
21,3-1,0,1,23.16,22.09,1,0,26.03,0.43,25,7,9,0,0,0,0,0,R,-,C,C,3,1333.4,12009.15,10675.75
22,3-2,0,1,26.36,22.14,2,1,21.93,3.17,28,8,10,0,0,0,0,0,R,-,C,C,3,193.59,12780.42,12586.84
23,3-3,0,1,26.83,22.15,1,0,26.03,0.43,28,8,10,0,0,0,0,0,R,-,C,C,3,312.08,12898.92,12586.84
24,3-4,0,2,30.8,32.01,2,1,26.03,3.93,30,9,11,0,0,0,0,0,R,-,C,C,3,953.95,15681.2,14727.26
25,3-5,0,2,34.74,32.08,3,2,22.93,3.91,32,10,12,0,0,0,0,0,R,-,C,C,3,291.83,17416.36,17124.53
26,3-6,0,2,35.23,32.09,1,0,27.1,0.45,33,10,12,0,0,0,0,0,R,-,C,C,3,558.42,17682.95,17124.53
27,3-7,0,2,38.82,36.51,2,1,26.03,3.55,34,11,13,0,0,0,0,0,R,-,C,C,3,880.54,20690.01,19809.47
28,3-8,0,2,43.72,42.51,3,2,21.93,4.87,37,12,14,0,0,0,0,0,R,-,C,C,3,2348.17,25164.78,22816.61
29,3-9,0,2,44.11,42.52,1,0,21.17,0.35,37,12,15,0,0,0,0,0,R,-,C,C,3,448.84,25464.65,25015.81
30,3-10,1,2,52.04,46.07,5,4,22.6,7.9,40,14,16,0,0,0,0,0,R,-,R,C,4,2594.61,33051.37,30456.76
31,4-1,0,2,52.36,46.07,1,0,17.1,0.29,40,14,17,0,0,0,0,0,E,R,R,R,14,610.27,33825.71,33215.43
32,4-2,0,2,52.74,46.08,1,0,21.07,0.35,40,14,17,0,0,0,0,0,E,R,R,R,14,947.59,34163.02,33215.43
33,4-3,0,2,53.14,46.09,1,0,21.6,0.36,40,14,17,0,0,0,0,0,E,R,R,R,14,1122.99,34338.42,33215.43
34,4-4,0,2,53.53,46.09,1,0,21.6,0.36,40,14,17,0,0,0,0,0,E,R,R,R,14,1305.41,34520.84,33215.43
35,4-5,0,3,60.69,56.01,4,3,21.6,7.13,44,16,18,0,0,0,0,0,E,R,R,R,14,850.04,40263.39,39413.36
36,4-6,0,3,61.11,56.02,1,0,22.97,0.38,44,16,18,0,0,0,0,0,E,R,R,R,14,1244.65,40658,39413.36
37,4-7,0,3,66.76,56.11,3,2,22.97,5.61,46,17,19,0,0,0,0,0,E,R,R,R,14,696.14,45409.09,44712.96
38,4-8,0,3,69.14,60.52,2,1,21.6,2.35,47,17,20,0,0,0,0,0,E,R,R,R,14,628.84,49217.54,48588.7
39,4-9,0,3,73.71,66.51,3,2,21.6,4.54,48,18,21,0,0,0,0,0,E,R,R,R,14,1116.9,56106.24,54989.35
40,4-10,1,3,86.19,70.14,5,4,19.67,12.44,52,20,22,0,0,2,0,0,E,R,R,R,14,4091.5,69733.4,65641.9
41,5-1,0,3,86.58,70.14,1,0,21.6,0.36,52,20,22,0,0,2,0,0,E,R,R,R,14,4331.55,69973.45,65641.9
42,5-2,0,3,89.38,70.19,2,1,21.6,2.77,53,20,23,0,0,2,0,0,E,R,R,R,14,336.32,71423.36,71087.03
43,5-3,0,4,95.01,80.08,3,2,21.07,5.6,54,21,24,0,0,2,0,0,E,R,R,R,14,950.53,81030.01,80079.48
44,5-4,0,4,95.4,80.09,1,0,21.07,0.35,54,21,24,0,0,2,0,0,E,R,R,R,14,1490.58,81570.06,80079.48
45,5-5,0,4,103.7,90.51,4,3,21.07,8.27,56,23,25,0,0,4,0,0,E,R,R,R,14,1430.35,97436.71,96006.36
46,5-6,0,4,108.7,94.01,2,1,21.07,4.97,58,23,26,0,0,4,0,0,E,R,R,R,14,2283.73,105940.12,103656.39
47,5-7,0,5,120.71,104.01,4,3,21.53,11.97,60,24,27,0,1,5,0,0,E,R,E,R,17,1466.39,121225.3,119758.91
48,5-8,0,5,121.1,104.02,1,0,21.07,0.35,60,24,27,0,1,5,0,0,E,R,E,R,17,2098.17,121857.08,119758.91
49,5-9,0,5,128.71,108.51,3,2,21.07,7.58,62,25,28,0,2,5,0,0,E,R,E,R,17,1352.48,135933.18,134580.7
50,5-10,1,5,136.76,114.56,3,2,18.2,8.02,63,26,29,0,2,6,0,0,E,R,E,R,17,3839.31,155841.88,152002.56
51,6-1,0,5,139.82,118.03,4,2,21.07,3.03,64,27,30,0,3,7,0,0,E,R,E,R,27,1868.07,174182.98,172314.91
52,6-2,0,5,140.21,118.04,1,0,21.23,0.35,64,27,30,0,3,7,0,0,E,R,E,R,27,2607.17,174922.08,172314.91
53,6-3,0,5,149.38,118.19,3,2,21.07,9.14,65,28,30,0,4,7,0,0,E,R,E,R,27,4094.32,183649.66,179555.34
54,6-4,0,6,163.71,138.51,4,3,21.67,14.3,68,29,31,0,5,7,0,0,E,E,E,E,71,3654.06,226800.63,223146.57
55,6-5,0,6,169.12,142.02,2,1,21.7,5.37,69,29,32,0,5,7,0,0,E,E,E,E,71,1456.66,239703.04,238246.37
56,6-6,0,6,175.49,142.12,3,2,21.67,6.34,70,30,32,0,5,8,0,0,E,E,E,E,71,511.75,248864.86,248353.11
57,6-7,0,7,184.61,152.08,3,2,21.13,9.08,71,30,33,0,6,8,0,0,E,E,E,E,71,1649.05,267971.33,266322.29
58,6-8,0,7,190.28,156.54,2,1,21.07,5.64,72,30,33,0,6,8,2,0,L,L,E,E,116,1086.83,290909.12,289822.29
59,6-9,0,7,190.67,156.54,1,0,21.1,0.35,72,30,33,0,6,8,2,0,L,L,E,E,116,2059.43,291881.71,289822.29
